{"cameraMode":{"drawMode":0,"name":"Shaded","section":"Shading Mode"},"sceneLighting":false,"audioPlay":false,"sceneViewState":{"showFog":true,"showMaterialUpdate":false,"showSkybox":true,"showFlares":true,"showImageEffects":true,"showParticleSystems":true},"in2DMode":false,"pivot":{"x":758.1329956054688,"y":266.3903503417969,"z":1059.6898193359375},"rotation":{"x":0.05007270723581314,"y":0.11241797357797623,"z":-0.005672988947480917,"w":0.9923823475837708},"size":1696.2384033203125,"orthographic":false}