{"cameraMode":{"drawMode":0,"name":"Shaded","section":"Shading Mode"},"sceneLighting":false,"audioPlay":false,"sceneViewState":{"showFog":true,"showMaterialUpdate":false,"showSkybox":true,"showFlares":true,"showImageEffects":true,"showParticleSystems":true},"in2DMode":false,"pivot":{"x":67.56480407714844,"y":-3.1458206176757814,"z":16.300003051757814},"rotation":{"x":0.0016675078077241779,"y":0.9748970866203308,"z":-0.22252970933914185,"w":0.0073091560043394569},"size":606.1971435546875,"orthographic":false}