{"cameraMode":{"drawMode":0,"name":"Shaded","section":"Shading Mode"},"sceneLighting":false,"audioPlay":false,"sceneViewState":{"showFog":true,"showMaterialUpdate":false,"showSkybox":true,"showFlares":true,"showImageEffects":true,"showParticleSystems":true},"in2DMode":false,"pivot":{"x":67.95791625976563,"y":-2.926025390625,"z":16.1998291015625},"rotation":{"x":0.19534675776958466,"y":-0.08839838951826096,"z":0.017681552097201349,"w":0.9765821695327759},"size":606.1971435546875,"orthographic":false}