{"cameraMode":{"drawMode":0,"name":"Shaded","section":"Shading Mode"},"sceneLighting":false,"audioPlay":false,"sceneViewState":{"showFog":true,"showMaterialUpdate":false,"showSkybox":true,"showFlares":true,"showImageEffects":true,"showParticleSystems":true},"in2DMode":false,"pivot":{"x":1.0449981689453126,"y":0.6699981689453125,"z":-0.0989990234375},"rotation":{"x":0.34870967268943789,"y":-0.09003183990716934,"z":0.03367425501346588,"w":0.9322885274887085},"size":2.8578836917877199,"orthographic":false}