{"cameraMode":{"drawMode":0,"name":"Shaded","section":"Shading Mode"},"sceneLighting":false,"audioPlay":false,"sceneViewState":{"showFog":true,"showMaterialUpdate":false,"showSkybox":true,"showFlares":true,"showImageEffects":true,"showParticleSystems":true},"in2DMode":false,"pivot":{"x":648.050048828125,"y":360.6999816894531,"z":8.499950408935547},"rotation":{"x":0.003974104765802622,"y":0.8813602924346924,"z":-0.007416555192321539,"w":0.4723697900772095},"size":2473.339599609375,"orthographic":false}