{"cameraMode":{"drawMode":0,"name":"Shaded","section":"Shading Mode"},"sceneLighting":false,"audioPlay":false,"sceneViewState":{"showFog":true,"showMaterialUpdate":false,"showSkybox":true,"showFlares":true,"showImageEffects":true,"showParticleSystems":true},"in2DMode":false,"pivot":{"x":-176.88999938964845,"y":-350.44000244140627,"z":-79.19999694824219},"rotation":{"x":-0.0013198611559346319,"y":0.9776415228843689,"z":0.006136092822998762,"w":0.21018485724925996},"size":3.687304973602295,"orthographic":false}